section,statistic,value,context,fact_id,source_names,source_urls,last_verified
How many wildebeest take part in the Great Migration?,Traditional aerial-survey estimate,1.3–1.5 million,"Serengeti-Mara ecosystem, long-standing estimate",wildebeest-migration-serengeti-population-1,Convention on the Conservation of Migratory Species of Wild Animals (CMS) | Frankfurt Zoological Society (FZS),https://www.cms.int/sites/default/files/publication/Fact%20Sheet%20on%20Wildebeest%20Migration%20-%20English.pdf | https://fzs.org/wp-content/uploads/2024/09/2023_annual-report-en.pdf,2026-06-28
How many wildebeest take part in the Great Migration?,"AI satellite count, August 2022","324,202–337,926","University of Oxford, PNAS Nexus, 9 Sept 2025",great-migration-annual-circuit-population-2,University of Oxford | PNAS Nexus (Oxford University Press),https://www.biology.ox.ac.uk/article/ai-satellite-survey-challenges-long-standing-estimates-of-serengeti-wildebeest-numbers | https://academic.oup.com/pnasnexus/article/4/9/pgaf264/8249339,2026-06-30
How many wildebeest take part in the Great Migration?,"AI satellite count, August 2023","502,917–533,137","University of Oxford, PNAS Nexus, 9 Sept 2025",great-migration-annual-circuit-population-2,University of Oxford | PNAS Nexus (Oxford University Press),https://www.biology.ox.ac.uk/article/ai-satellite-survey-challenges-long-standing-estimates-of-serengeti-wildebeest-numbers | https://academic.oup.com/pnasnexus/article/4/9/pgaf264/8249339,2026-06-30
How many whale sharks visit Mafia Island?,"Documented individuals, 2012",~100,"Mafia Island, Tanzania",whale-sharks-mafia-operators-population-1,WWF | Marine Megafauna Foundation,https://www.worldwildlife.org/news/magazine/spring-2025/protecting-whale-sharks-around-mafia-island-tanzania/ | https://marinemegafauna.org/news/tanzania-whale-shark-long-term-population-monitoring,2026-06-28
How many whale sharks visit Mafia Island?,"Documented individuals, December 2017",180,"Mafia Island, Tanzania",whale-sharks-mafia-operators-population-1,WWF | Marine Megafauna Foundation,https://www.worldwildlife.org/news/magazine/spring-2025/protecting-whale-sharks-around-mafia-island-tanzania/ | https://marinemegafauna.org/news/tanzania-whale-shark-long-term-population-monitoring,2026-06-28
How many whale sharks visit Mafia Island?,"Documented individuals, December 2019",206,"Mafia Island, Tanzania",whale-sharks-mafia-operators-population-1,WWF | Marine Megafauna Foundation,https://www.worldwildlife.org/news/magazine/spring-2025/protecting-whale-sharks-around-mafia-island-tanzania/ | https://marinemegafauna.org/news/tanzania-whale-shark-long-term-population-monitoring,2026-06-28
How many whale sharks visit Mafia Island?,Research trips that saw whale sharks,72%,"103 trips, October 2012 to March 2013 (average 4.8 sharks per trip)",whale-sharks-mafia-operators-probability-2,ResearchGate | Marine Megafauna Foundation,https://www.researchgate.net/publication/345692203_Demographics_and_feeding_ecology_of_whale_sharks_at_Mafia_Island_Tanzania | https://marinemegafauna.org/news/tanzania-whale-shark-long-term-population-monitoring,2026-06-28
How many whale sharks visit Mafia Island?,Average sharks seen per trip,4.7,"338 trips, 2012 to 2018 (Marine Megafauna Foundation)",whale-sharks-mafia-operators-probability-2,ResearchGate | Marine Megafauna Foundation,https://www.researchgate.net/publication/345692203_Demographics_and_feeding_ecology_of_whale_sharks_at_Mafia_Island_Tanzania | https://marinemegafauna.org/news/tanzania-whale-shark-long-term-population-monitoring,2026-06-28
"How many lions, elephants, rhinos and gorillas live in East Africa?","Lions, Serengeti-Mara ecosystem","3,000+",Estimate,serengeti-lion-population,IUCN Red List of Threatened Species | Frankfurt Zoological Society (FZS) — Serengeti,https://www.iucnredlist.org | https://www.zgf.de/en/animals-ecosystems/ecosystems/serengeti,2026-06-27
"How many lions, elephants, rhinos and gorillas live in East Africa?","Leopards, Serengeti ecosystem","~1,000",Estimate,african-leopard-serengeti-population-1,University of Illinois | ResearchGate | SciSpace,https://news.illinois.edu/serengeti-leopard-population-densities-healthy-but-vary-seasonally-study-finds/ | https://www.researchgate.net/publication/394411880_Panthera_pardus_THE_IUCN_RED_LIST_OF_THREATENED_SPECIES_2023 | https://scispace.com/pdf/counting-cats-for-conservation-seasonal-estimates-of-leopard-461hmntafz.pdf,2026-06-30
"How many lions, elephants, rhinos and gorillas live in East Africa?","Elephants, Nyerere-Selous-Mikumi ecosystem","20,006 ± 1,793",2022 aerial census,walking-safari-regulations-population-2,Frankfurt Zoological Society | Safari Bookings,https://fzs.org/en/news/nyerere-selous-mikumi-ecosystem-aerial-wildlife-survey-results/ | https://www.safaribookings.com/nyerere/best-time,2026-06-30
"How many lions, elephants, rhinos and gorillas live in East Africa?","Black rhinos, Kenya","1,059",By 2024,black-rhino-east-africa-population-2,Save the Rhino International | Sheldrick Wildlife Trust | WWF,https://www.savetherhino.org/rhino-info/population-figures/ | https://www.sheldrickwildlifetrust.org/news/fieldnotes/june-2025 | https://www.wwf.org.uk/press-release/kenya-black-rhino-reach-milestone,2026-06-30
"How many lions, elephants, rhinos and gorillas live in East Africa?","Black rhinos, all of Africa","6,487",End of 2022 (up 4.2% from 2021),black-rhino-east-africa-population-1,IUCN | Helping Rhinos | Save the Rhino International,https://iucn.org/press-release/202309/african-rhino-numbers-are-increasing-despite-poaching | https://helpingrhinos.org/the-black-rhino-the-past-the-present-and-the-future/ | https://www.savetherhino.org/rhino-info/population-figures/,2026-06-30
"How many lions, elephants, rhinos and gorillas live in East Africa?","Mountain gorillas, worldwide","1,063","2018 census, most recent comprehensive survey",rwanda-gorilla-population,IUCN Red List of Threatened Species | Gorilla Doctors,https://www.iucnredlist.org | https://www.gorilladoctors.org,2026-06-27
"How many lions, elephants, rhinos and gorillas live in East Africa?","African wild dogs, worldwide","~6,600 adults","39 subpopulations, 2020 assessment",african-wild-dog-selous-population-2,IUCN | Wildlife ACT,https://iucn.org/resources/publication/african-wild-dog-status-survey-and-conservation-action-plan | https://www.wildlifeact.com/about-wildlife-act/wildlife-species/african-wild-dog-lycaon-pictus,2026-06-30
"How many lions, elephants, rhinos and gorillas live in East Africa?","Zanzibar red colobus, Unguja Island","5,862","342 groups, Oryx, December 2017",zanzibar-red-colobus-population-1,Wildlife Conservation Society (WCS) | Rainforest Trust,https://tanzania.wcs.org/Species/Zanzibar-red-colobus.aspx | https://www.rainforesttrust.org/app/uploads/2024/12/Tanzania-Ensure-a-Future-for-Zanzibar-Red-Colobus-NEW-SAVES-min.pdf,2026-06-30
"How many lions, elephants, rhinos and gorillas live in East Africa?","Bottlenose dolphins, Menai Bay",136,2002 mark-recapture estimate (95% CI 124-172),dolphins-menai-bay-population-1,ResearchGate | PLOS One,https://www.researchgate.net/publication/296685482_Spatial_and_Temporal_Variations_in_the_Occurrence_and_Foraging_Activity_of_Coastal_Dolphins_in_Menai_Bay_Zanzibar_Tanzania | https://journals.plos.org/plosone/article?id=10.1371/journal.pone.0148995,2026-06-28
"How many lions, elephants, rhinos and gorillas live in East Africa?","Large mammals, Ngorongoro Crater","~25,000",Crater floor of 260 km²,ngorongoro-crater-area,Tanzania National Parks Authority | IUCN Red List of Threatened Species,https://tanzaniaparks.go.tz | https://www.iucnredlist.org,2026-06-27
How much does it cost to visit Tanzania and Zanzibar?,"Tanzania tourist visa, EU and UK citizens",$50,"Single entry, up to 90 days",tanzania-entry-entry-2,Tanzania eVisa portal and Immigration Department guidance | Tanzania Immigration Department | CIBTvisas | VisaHQ,https://visa.immigration.go.tz/guidelines | https://immigration.go.tz/ | https://cibtvisas.co.uk/tanzania-visa | https://www.visahq.com/tanzania/visa-for-tanzania-from-uk,2026-06-28
How much does it cost to visit Tanzania and Zanzibar?,"Tanzania tourist visa, US citizens",$100,"Multiple entry, valid one year",tanzania-entry-entry-1,"Tanzania Immigration Department, Visa Fees | U.S. Embassy | TravelDocs | Tanzania Immigration Department",https://www.immigration.go.tz/index.php/en/information/events/184 | https://travel.state.gov/content/travel/en/international-travel/International-Travel-Country-Information-Pages/Tanzania.html | https://www.traveldocs.com/travel-services/tanzania-e-visa | https://immigration.go.tz/,2026-06-28
How much does it cost to visit Tanzania and Zanzibar?,Zanzibar mandatory inbound insurance,$44 adult / $22 child,Required since October 2024; free under 3,znz-inbound-insurance,"Visit Zanzibar — Official Tourism Portal | UK Foreign, Commonwealth & Development Office Travel Advice",https://visitzanzibar.go.tz | https://www.gov.uk/foreign-travel-advice,2026-06-27
How much does it cost to visit Tanzania and Zanzibar?,Mainland Tanzania inbound travel insurance,Required from 1 October 2026,"Foreign visitors entering the Mainland, subject to exemptions; NIC is the designated insurer (GN 256 of 2026). Premium not yet officially confirmed, so not shown",tanzania-mainland-inbound-insurance,"National Insurance Corporation of Tanzania (designated insurer), official notice | Clyde & Co, Tanzania Introduces Mandatory Inbound Travel Insurance",https://www.nicinsurance.co.tz/news/d5c08eea-0f75-4a32-a809-56e24bd3cd0a | https://www.clydeco.com/en/insights/2026/09/introduction-of-inbound-travel-insurance,2026-10-08
How much does it cost to visit Tanzania and Zanzibar?,Zanzibar Marine Conservation Area entry,$10 adult / $5 child,"Non-East African visitors, from 1 September 2025",zanzibar-reef-diving-detail-permit-2,ATTA | BIOFIN,https://atta.travel/resource/zanzibar-revises-entry-fees-for-marine-conservation-areas.html | https://www.biofin.org/news-and-media/zanzibar-boosts-conservation-efforts-new-digital-payments-system-and-raised-visitor,2026-06-30
How much does it cost to visit Tanzania and Zanzibar?,Serengeti and Nyerere conservation fee,$70 per day,"Per non-East African adult, 2023/24 tariff",tanzania-park-fees-transfers-2,Tanzania Tourist Board | Vacation Safaris | Tanzania National Parks | Scribd | Jaynevy Tours | Focus East Africa Tours | Safari Bando,https://tatotz.org/tanzania-national-parks-2023-24-fees/ | https://www.vacation-safaris.com/tanzania-national-parks-entry-fees.html | https://tanzaniaparks.go.tz/ | https://www.scribd.com/document/687483836/TANAPA-tariffs-2021-2022 | https://www.jaynevytours.com/fees-for-tanzania-national-parks.html | https://www.focuseastafricatours.com/blog/2023-2024-tanzania-national-park-fees/ | https://www.safaribando.com/park-fees-for-tanzania-national-parks,2026-06-30
How much does it cost to visit Tanzania and Zanzibar?,Ngorongoro Conservation Area fee,$70.80 per day,"Per non-East African adult, 2023/24 tariff",tanzania-park-fees-transfers-2,Tanzania Tourist Board | Vacation Safaris | Tanzania National Parks | Scribd | Jaynevy Tours | Focus East Africa Tours | Safari Bando,https://tatotz.org/tanzania-national-parks-2023-24-fees/ | https://www.vacation-safaris.com/tanzania-national-parks-entry-fees.html | https://tanzaniaparks.go.tz/ | https://www.scribd.com/document/687483836/TANAPA-tariffs-2021-2022 | https://www.jaynevytours.com/fees-for-tanzania-national-parks.html | https://www.focuseastafricatours.com/blog/2023-2024-tanzania-national-park-fees/ | https://www.safaribando.com/park-fees-for-tanzania-national-parks,2026-06-30
How much does it cost to visit Tanzania and Zanzibar?,Ngorongoro Crater service fee,~$295 per vehicle,"Per vehicle, not per person, for crater descent",tanzania-park-fees-transfers-3,Tanzania Tourist Board | Vacation Safaris | Tanzania National Parks | Scribd | Jaynevy Tours | Focus East Africa Tours | Safari Bando,https://tatotz.org/tanzania-national-parks-2023-24-fees/ | https://www.vacation-safaris.com/tanzania-national-parks-entry-fees.html | https://tanzaniaparks.go.tz/ | https://www.scribd.com/document/687483836/TANAPA-tariffs-2021-2022 | https://www.jaynevytours.com/fees-for-tanzania-national-parks.html | https://www.focuseastafricatours.com/blog/2023-2024-tanzania-national-park-fees/ | https://www.safaribando.com/park-fees-for-tanzania-national-parks,2026-06-30
